X,Y,GID,Extern ID,Straat,Plaats,Categorie,Subcategori,Status,Uitv.datum,Uitv.tijd,Verw.tijd
6.12314191455015,52.2142510484088,15511,,MOLENALLEE,,Watergeven 2026,,niet verwerkt,,,0
6.12399221705917,52.2143989517232,15512,,MOLENALLEE,,Watergeven 2026,,niet verwerkt,,,0
6.2035187949601,52.1927249585902,15513,,N348,,Watergeven 2026,,niet verwerkt,,,0
6.20141319844645,52.1944027834119,15514,,N348,,Watergeven 2026,,niet verwerkt,,,0
6.05339499664572,52.196735329871,15515,,,,Watergeven 2026,,niet verwerkt,,,0
6.13634478000646,52.1634445931422,15516,,HOUTWIJKERWEG,,Watergeven 2026,,niet verwerkt,,,0
6.13631563020056,52.163512493596,15517,,HOUTWIJKERWEG,,Watergeven 2026,,niet verwerkt,,,0
6.13638918352337,52.1633740524579,15518,,KRUISWEG,,Watergeven 2026,,niet verwerkt,,,0
6.05608224632113,52.1969607729976,15519,,OUDE APELDOORNSEWEG,,Watergeven 2026,,niet verwerkt,,,0
6.13629982121285,52.1635735952679,15520,,HOUTWIJKERWEG,,Watergeven 2026,,niet verwerkt,,,0
6.13626319572396,52.1636371773656,15521,,HOUTWIJKERWEG,,Watergeven 2026,,niet verwerkt,,,0
6.13622969975845,52.1637035849402,15522,,HOUTWIJKERWEG,,Watergeven 2026,,niet verwerkt,,,0
6.14077275396426,52.1752281744034,15523,,BEEKZICHTWEG,,Watergeven 2026,,niet verwerkt,,,0
6.14380215544458,52.1604888817199,15524,,KORTE BREESTRAAT,,Watergeven 2026,,niet verwerkt,,,0
6.14020258640867,52.1768313445166,15525,,RIJKSSTRAATWEG,,Watergeven 2026,,niet verwerkt,,,0
6.14398313049424,52.1607530294592,15526,,RIJKSSTRAATWEG,,Watergeven 2026,,niet verwerkt,,,0
6.14060591120563,52.1758735569394,15527,,RIJKSSTRAATWEG,,Watergeven 2026,,niet verwerkt,,,0
6.1421543499188,52.1612374229409,15528,,,,Watergeven 2026,,niet verwerkt,,,0
6.14156719700083,52.1749348708388,15529,,,,Watergeven 2026,,niet verwerkt,,,0
6.1435331835354,52.1612151874658,15530,,,,Watergeven 2026,,niet verwerkt,,,0
6.14319211656226,52.1609879074888,15531,,,,Watergeven 2026,,niet verwerkt,,,0
6.13860404489076,52.2365516241293,15532,,N790,,Watergeven 2026,,niet verwerkt,,,0
6.13856247065097,52.2366222555485,15533,,N790,,Watergeven 2026,,niet verwerkt,,,0
6.13877280054078,52.2362523564646,15534,,N790,,Watergeven 2026,,niet verwerkt,,,0
6.13871647415136,52.2363229883602,15535,,N790,,Watergeven 2026,,niet verwerkt,,,0
6.13867355633798,52.236411684682,15536,,N790,,Watergeven 2026,,niet verwerkt,,,0
6.14100607800663,52.2467406433876,15537,,RIJKSSTRAATWEG,,Watergeven 2026,,niet verwerkt,,,0
6.37124164075603,52.2002755701331,15538,,N332,,Watergeven 2026,,niet verwerkt,,,0
6.13899945218308,52.2362664908584,15539,,N790,,Watergeven 2026,,niet verwerkt,,,0
6.1424914797088,52.2397014257375,15540,,N790,,Watergeven 2026,,niet verwerkt,,,0
6.14255182941171,52.2397433088527,15541,,N790,,Watergeven 2026,,niet verwerkt,,,0
6.1424380143424,52.239657626359,15542,,N790,,Watergeven 2026,,niet verwerkt,,,0
6.13625885296592,52.2164279715926,15543,,MOLENALLEE,,Watergeven 2026,,niet verwerkt,,,0
6.13638223458074,52.2164559083144,15544,,MOLENALLEE,,Watergeven 2026,,niet verwerkt,,,0
6.13651634503161,52.2164822016835,15545,,MOLENALLEE,,Watergeven 2026,,niet verwerkt,,,0
6.13723562408314,52.2166047669227,15546,,MOLENALLEE,,Watergeven 2026,,niet verwerkt,,,0
6.13735096153816,52.2166294209013,15547,,MOLENALLEE,,Watergeven 2026,,niet verwerkt,,,0
6.12452089072914,52.2143714286631,15548,,MOLENALLEE,,Watergeven 2026,,niet verwerkt,,,0
6.13747970757112,52.2166524275102,15549,,MOLENALLEE,,Watergeven 2026,,niet verwerkt,,,0
6.13761113581309,52.2166721474513,15550,,MOLENALLEE,,Watergeven 2026,,niet verwerkt,,,0
6.13693669435499,52.2165576895047,15551,,MOLENALLEE,,Watergeven 2026,,niet verwerkt,,,0
6.13499150920515,52.2161946445019,15552,,MOLENALLEE,,Watergeven 2026,,niet verwerkt,,,0
6.13485739875427,52.2161716376559,15553,,MOLENALLEE,,Watergeven 2026,,niet verwerkt,,,0
6.12794937658751,52.2408361523457,15554,,VERMEERSWEG,,Watergeven 2026,,niet verwerkt,,,0
6.12772724490745,52.2407716969582,15555,,VERMEERSWEG,,Watergeven 2026,,niet verwerkt,,,0
6.12720684496933,52.2407707079333,15556,,VERMEERSWEG,,Watergeven 2026,,niet verwerkt,,,0
6.12598286187864,52.2408816786525,15557,,ACHTER 'T HOLTHUIS,,Watergeven 2026,,niet verwerkt,,,0
6.12652048715134,52.2407995413343,15558,,VERMEERSWEG,,Watergeven 2026,,niet verwerkt,,,0
6.12567220702272,52.2409445307339,15559,,ACHTER 'T HOLTHUIS,,Watergeven 2026,,niet verwerkt,,,0
6.12540925554896,52.2410002046606,15560,,ACHTER 'T HOLTHUIS,,Watergeven 2026,,niet verwerkt,,,0
6.25049702391179,52.1244911837004,15561,,N314,,Watergeven 2026,,niet verwerkt,,,0
6.22459713779234,52.1223888847194,15562,,N314,,Watergeven 2026,,niet verwerkt,,,0
6.21815990724476,52.1554117884788,15563,,N348,,Watergeven 2026,,niet verwerkt,,,0
6.12890806373519,52.0638745461371,15564,,N348,,Watergeven 2026,,niet verwerkt,,,0
6.12743595472175,52.0627376277411,15565,,N348,,Watergeven 2026,,niet verwerkt,,,0
6.04593309754844,52.1508451903956,15566,,N789,,Watergeven 2026,,niet verwerkt,,,0
6.04616152533178,52.151167864429,15567,,N789,,Watergeven 2026,,niet verwerkt,,,0
6.13850851354788,52.2367499393471,15568,,N790,,Watergeven 2026,,niet verwerkt,,,0
6.13851924238395,52.2366776655432,15569,,N790,,Watergeven 2026,,niet verwerkt,,,0
6.12435200973257,52.2479330829982,15570,,N344,,Watergeven 2026,,niet verwerkt,,,0
6.12547610368985,52.2477679495574,15571,,N344,,Watergeven 2026,,niet verwerkt,,,0
6.32228441164561,52.1411674710562,15572,,N346,,Watergeven 2026,,niet verwerkt,,,0
6.22275315916379,52.1453519915332,15573,,N346,,Watergeven 2026,,niet verwerkt,,,0
6.22355352402876,52.1451857759894,15574,,N346,,Watergeven 2026,,niet verwerkt,,,0
6.22506024837885,52.1448725187668,15575,,N346,,Watergeven 2026,,niet verwerkt,,,0
6.2256712874209,52.144740837274,15576,,N346,,Watergeven 2026,,niet verwerkt,,,0
6.22467919737259,52.1447481573298,15577,,N346,,Watergeven 2026,,niet verwerkt,,,0
6.21924219714815,52.1761816444414,15578,,N348,,Watergeven 2026,,niet verwerkt,,,0
6.21542447562881,51.9984726424744,15579,,RIJKSWEG,,Watergeven 2026,,niet verwerkt,,,0
6.25015975550222,51.9877782670302,15580,,RIJKSWEG,,Watergeven 2026,,niet verwerkt,,,0
6.18989532477966,52.0029607427272,15581,,RIJKSWEG,,Watergeven 2026,,niet verwerkt,,,0
6.24780465056506,51.9896752718982,15582,,RIJKSWEG,,Watergeven 2026,,niet verwerkt,,,0
6.20156766396672,52.1590828450746,15583,,N348,,Watergeven 2026,,niet verwerkt,,,0
6.04328291702982,52.1462491647257,15584,,N789,,Watergeven 2026,,niet verwerkt,,,0
6.04303142448568,52.1465626174667,15585,,N789,,Watergeven 2026,,niet verwerkt,,,0
6.04312819961592,52.1467605036707,15586,,N789,,Watergeven 2026,,niet verwerkt,,,0
6.13915600450404,52.2361619603492,15587,,N790,,Watergeven 2026,,niet verwerkt,,,0
6.13912220997518,52.2362199452664,15588,,N790,,Watergeven 2026,,niet verwerkt,,,0
6.13903414121281,52.2362037382744,15589,,N790,,Watergeven 2026,,niet verwerkt,,,0
5.9615382605457,52.1474655575579,15590,,KUILTJESWEG,,Watergeven 2026,,niet verwerkt,,,0
6.18226398481939,52.2355488672848,15591,,,,Watergeven 2026,,niet verwerkt,,,0
6.125475121018,52.2151601737126,15592,,FLIERTWEG,,Watergeven 2026,,niet verwerkt,,,0
6.12535710382124,52.2151618170966,15593,,FLIERTWEG,,Watergeven 2026,,niet verwerkt,,,0
6.1256145958869,52.2150697875009,15594,,FLIERTWEG,,Watergeven 2026,,niet verwerkt,,,0
6.12256791936739,52.2141475089512,15595,,MOLENALLEE,,Watergeven 2026,,niet verwerkt,,,0
6.12248745309686,52.2141294313115,15596,,MOLENALLEE,,Watergeven 2026,,niet verwerkt,,,0
6.12239894019929,52.2141097102415,15597,,MOLENALLEE,,Watergeven 2026,,niet verwerkt,,,0
6.12270471202729,52.2141672300044,15598,,MOLENALLEE,,Watergeven 2026,,niet verwerkt,,,0
6.12230774509269,52.2140998497033,15599,,MOLENALLEE,,Watergeven 2026,,niet verwerkt,,,0
6.10698865964748,52.2420289186809,15600,,RIJKSSTRAATWEG,,Watergeven 2026,,niet verwerkt,,,0
6.14649519075705,52.224014829997,15601,,RIJKSSTRAATWEG,,Watergeven 2026,,niet verwerkt,,,0
6.11163970145074,52.2439992239638,15602,,RIJKSSTRAATWEG,,Watergeven 2026,,niet verwerkt,,,0
6.14610805858888,52.2248138137406,15603,,RIJKSSTRAATWEG,,Watergeven 2026,,niet verwerkt,,,0
6.1884692160243,52.0027358005306,15604,,RIJKSWEG,,Watergeven 2026,,niet verwerkt,,,0
6.24445979955395,52.1426652510399,15605,,VORDENSEWEG,,Watergeven 2026,,niet verwerkt,,,0
6.09117449480942,51.9797139950779,15606,,ZEVENAARSEWEG,,Watergeven 2026,,niet verwerkt,,,0
6.08761875807186,51.970613645466,15607,,ZEVENAARSEWEG,,Watergeven 2026,,niet verwerkt,,,0
6.12572865556978,52.0614166460057,15608,,ZUTPHENSESTRAATWEG,,Watergeven 2026,,niet verwerkt,,,0
6.12581835577026,52.0614875141237,15609,,ZUTPHENSESTRAATWEG,,Watergeven 2026,,niet verwerkt,,,0
6.06667050462815,52.1942954462242,15610,,ZUTPHENSEWEG,,Watergeven 2026,,niet verwerkt,,,0
6.34910019912317,52.1815702349346,15611,,ZUTPHENSEWEG,,Watergeven 2026,,niet verwerkt,,,0
6.12565751123118,52.2147542560109,15612,,,,Watergeven 2026,,niet verwerkt,,,0
6.12537051486631,52.2147312484188,15613,,,,Watergeven 2026,,niet verwerkt,,,0
6.12550998973521,52.2147312484187,15614,,,,Watergeven 2026,,niet verwerkt,,,0
6.07485585334251,52.2383487371041,15615,,RIJKSSTRAATWEG,,Watergeven 2026,,niet verwerkt,,,0
6.07461104562818,52.2384081153766,15616,,RIJKSSTRAATWEG,,Watergeven 2026,,niet verwerkt,,,0
6.25499792027933,52.0064772145907,15617,,N330,,Watergeven 2026,,niet verwerkt,,,0
6.25485668092726,52.0065145978076,15618,,N330,,Watergeven 2026,,niet verwerkt,,,0
6.28018458211794,52.0016646676915,15619,,N330,,Watergeven 2026,,niet verwerkt,,,0
6.2800223084722,52.001675400954,15620,,N330,,Watergeven 2026,,niet verwerkt,,,0
6.2803508790772,52.0016531087906,15621,,N330,,Watergeven 2026,,niet verwerkt,,,0
6.28054131591755,52.0016448524309,15622,,N330,,Watergeven 2026,,niet verwerkt,,,0
6.28089131923814,52.0016310053738,15623,,N330,,Watergeven 2026,,niet verwerkt,,,0
6.28105761619721,52.0016285284648,15624,,N330,,Watergeven 2026,,niet verwerkt,,,0
6.28121854873827,52.0016376104636,15625,,N330,,Watergeven 2026,,niet verwerkt,,,0
6.28134058924856,52.0016532975482,15626,,N330,,Watergeven 2026,,niet verwerkt,,,0
6.28145994754984,52.0016681589916,15627,,N330,,Watergeven 2026,,niet verwerkt,,,0
6.28156991811956,52.0016879742419,15628,,N330,,Watergeven 2026,,niet verwerkt,,,0
6.20504408742809,52.157473214188,15629,,N348,,Watergeven 2026,,niet verwerkt,,,0
6.21996103591377,51.9608714258271,15630,,N815,,Watergeven 2026,,niet verwerkt,,,0
6.21998903727833,51.9607832290224,15631,,N815,,Watergeven 2026,,niet verwerkt,,,0
6.04726484242897,52.2341468089029,15632,,RIJKSSTRAATWEG,,Watergeven 2026,,niet verwerkt,,,0
6.04384523152623,52.2323115846353,15633,,RIJKSSTRAATWEG,,Watergeven 2026,,niet verwerkt,,,0
6.04384523390068,52.2323115886749,15634,,RIJKSSTRAATWEG,,Watergeven 2026,,niet verwerkt,,,0
6.17700453915718,52.0046179421961,15635,,RIJKSWEG,,Watergeven 2026,,niet verwerkt,,,0
6.30962832503093,52.0965720671126,15636,,RONDWEG,,Watergeven 2026,,niet verwerkt,,,0
6.24457910000452,52.142226514569,15637,,VORDENSEWEG,,Watergeven 2026,,niet verwerkt,,,0
6.27664153786715,52.125419439531,15638,,VORDENSEWEG,,Watergeven 2026,,niet verwerkt,,,0
6.27757528188136,52.1251345591477,15639,,VORDENSEWEG,,Watergeven 2026,,niet verwerkt,,,0
6.25775537091001,52.005614572192,15640,,ZELHEMSEWEG,,Watergeven 2026,,niet verwerkt,,,0
6.12359770881531,52.1840084173033,15641,,ZUTPHENSEWEG,,Watergeven 2026,,niet verwerkt,,,0
6.2226745924011,52.1453575238616,15642,,N346,,Watergeven 2026,,niet verwerkt,,,0
6.18149044399716,52.2350098120689,15643,,N348,,Watergeven 2026,,niet verwerkt,,,0
6.20157744551956,52.1589509908661,15644,,N348,,Watergeven 2026,,niet verwerkt,,,0
6.11219849042686,52.0494865809233,15645,,N348,,Watergeven 2026,,niet verwerkt,,,0
6.20331254942282,52.1580595533834,15646,,N348,,Watergeven 2026,,niet verwerkt,,,0
6.12553949403441,52.2150697875009,15647,,FLIERTWEG,,Watergeven 2026,,niet verwerkt,,,0
6.03736048690825,52.1333348212419,15648,,HOOFDWEG,,Watergeven 2026,,niet verwerkt,,,0
6.09824211548781,52.1818062710181,15649,,HOOFDWEG,,Watergeven 2026,,niet verwerkt,,,0
6.03711263651245,52.1327618170569,15650,,HOOFDWEG,,Watergeven 2026,,niet verwerkt,,,0
6.30177458427886,52.0042109655158,15651,,HUMMELOSEWEG,,Watergeven 2026,,niet verwerkt,,,0
6.30189436333599,52.0041353622935,15652,,HUMMELOSEWEG,,Watergeven 2026,,niet verwerkt,,,0
6.30400611153321,52.0048031830429,15653,,HUMMELOSEWEG,,Watergeven 2026,,niet verwerkt,,,0
6.31646712278972,52.0056900067938,15654,,HUMMELOSEWEG,,Watergeven 2026,,niet verwerkt,,,0
6.319796646749,52.0061561424852,15655,,HUMMELOSEWEG,,Watergeven 2026,,niet verwerkt,,,0
6.1076289600641,52.0561733045132,15656,,KANAALWEG,,Watergeven 2026,,niet verwerkt,,,0
6.10479100162028,52.0593148867802,15657,,KANAALWEG,,Watergeven 2026,,niet verwerkt,,,0
6.25150118202759,52.143714492874,15658,,LOCHEMSEWEG,,Watergeven 2026,,niet verwerkt,,,0
6.12887801770049,52.2151712464375,15659,,MOLENALLEE,,Watergeven 2026,,niet verwerkt,,,0
6.123273340339,52.2142740522235,15660,,MOLENALLEE,,Watergeven 2026,,niet verwerkt,,,0
6.12264302121988,52.2141557260578,15661,,MOLENALLEE,,Watergeven 2026,,niet verwerkt,,,0
6.12298366176511,52.2142198194367,15662,,MOLENALLEE,,Watergeven 2026,,niet verwerkt,,,0
6.12288710224048,52.2142000984069,15663,,MOLENALLEE,,Watergeven 2026,,niet verwerkt,,,0
6.12279858934289,52.2141836642087,15664,,MOLENALLEE,,Watergeven 2026,,niet verwerkt,,,0
6.25341054932829,52.135731154984,15665,,VORDENSEWEG,,Watergeven 2026,,niet verwerkt,,,0
6.23915930086209,52.0025169768611,15666,,ZELHEMSEWEG,,Watergeven 2026,,niet verwerkt,,,0
6.28200009876441,52.0016752157195,15667,,ZELHEMSEWEG,,Watergeven 2026,,niet verwerkt,,,0
6.26442738594722,52.0057628150771,15668,,ZELHEMSEWEG,,Watergeven 2026,,niet verwerkt,,,0
6.20151028949434,52.1594488588757,15669,,SONTSTRAAT,,Watergeven 2026,,niet verwerkt,,,0
6.31342298790637,52.0738416352641,15670,,VORDENSEWEG,,Watergeven 2026,,niet verwerkt,,,0
6.21648726334533,52.1506195198767,15671,,,,Watergeven 2026,,niet verwerkt,,,0
6.0615630199803,52.1958526995462,15672,,ZUTPHENSEWEG,,Watergeven 2026,,niet verwerkt,,,0
6.12305339919955,52.2142296799483,15673,,MOLENALLEE,,Watergeven 2026,,niet verwerkt,,,0
6.12351205694155,52.2143184244544,15674,,MOLENALLEE,,Watergeven 2026,,niet verwerkt,,,0
6.12340745078986,52.2142987034683,15675,,MOLENALLEE,,Watergeven 2026,,niet verwerkt,,,0
6.12334576243562,52.2142839167493,15676,,MOLENALLEE,,Watergeven 2026,,niet verwerkt,,,0
6.12360056983912,52.2143282849441,15677,,MOLENALLEE,,Watergeven 2026,,niet verwerkt,,,0
6.12371058511234,52.214348005917,15678,,MOLENALLEE,,Watergeven 2026,,niet verwerkt,,,0
6.12388245691467,52.2143793202148,15679,,MOLENALLEE,,Watergeven 2026,,niet verwerkt,,,0
6.25314856962854,52.1254650627387,15680,,N314,,Watergeven 2026,,niet verwerkt,,,0
6.22762910999714,51.9956190980324,15681,,N317,,Watergeven 2026,,niet verwerkt,,,0
6.24473738190621,52.0044149671844,15682,,N330,,Watergeven 2026,,niet verwerkt,,,0
6.29633580459026,52.0037598292646,15683,,N330,,Watergeven 2026,,niet verwerkt,,,0
6.25005920273294,52.0060681747134,15684,,N330,,Watergeven 2026,,niet verwerkt,,,0
6.29793718583142,52.0037530397452,15685,,N330,,Watergeven 2026,,niet verwerkt,,,0
6.29828763379498,52.0037605076406,15686,,N330,,Watergeven 2026,,niet verwerkt,,,0
6.25079565329353,52.0063028466248,15687,,N330,,Watergeven 2026,,niet verwerkt,,,0
6.33738120977506,52.1771081532524,15688,,ZUTPHENSEWEG,,Watergeven 2026,,niet verwerkt,,,0
6.33746240007898,52.177161753476,15689,,ZUTPHENSEWEG,,Watergeven 2026,,niet verwerkt,,,0
6.33753658462175,52.1772090552585,15690,,ZUTPHENSEWEG,,Watergeven 2026,,niet verwerkt,,,0
6.34916409350413,52.1817096369827,15691,,ZUTPHENSEWEG,,Watergeven 2026,,niet verwerkt,,,0
6.21511251434569,52.1818812285891,15692,,ZUTPHENSEWEG,,Watergeven 2026,,niet verwerkt,,,0
6.21423233238443,52.1825381374441,15693,,ZUTPHENSEWEG,,Watergeven 2026,,niet verwerkt,,,0
6.21411975656509,52.1826382313031,15694,,ZUTPHENSEWEG,,Watergeven 2026,,niet verwerkt,,,0
6.18295484254703,52.2351471103205,15695,,,,Watergeven 2026,,niet verwerkt,,,0
6.1354112749164,52.2162734976376,15696,,MOLENALLEE,,Watergeven 2026,,niet verwerkt,,,0
6.13556147862138,52.2162948610889,15697,,MOLENALLEE,,Watergeven 2026,,niet verwerkt,,,0
6.13612742472406,52.2164049648674,15698,,MOLENALLEE,,Watergeven 2026,,niet verwerkt,,,0
6.12517659329078,52.2410153902467,15699,,ACHTER 'T HOLTHUIS,,Watergeven 2026,,niet verwerkt,,,0
6.12490326104458,52.2410552803262,15700,,ACHTER 'T HOLTHUIS,,Watergeven 2026,,niet verwerkt,,,0
6.13957671167273,52.1751023650018,15701,,BEEKZICHTWEG,,Watergeven 2026,,niet verwerkt,,,0
6.14130918550001,52.1754647077056,15702,,RIJKSSTRAATWEG,,Watergeven 2026,,niet verwerkt,,,0
6.14403494680002,52.1612169630847,15703,,RIJKSSTRAATWEG,,Watergeven 2026,,niet verwerkt,,,0
6.14048230316374,52.1770586819604,15704,,RIJKSSTRAATWEG,,Watergeven 2026,,niet verwerkt,,,0
6.13621550131743,52.1637801212907,15705,,HOUTWIJKERWEG,,Watergeven 2026,,niet verwerkt,,,0
6.1361856552538,52.163842529716,15706,,HOUTWIJKERWEG,,Watergeven 2026,,niet verwerkt,,,0
6.13616202608478,52.1639184532813,15707,,HOUTWIJKERWEG,,Watergeven 2026,,niet verwerkt,,,0
6.13615321455828,52.1639828328904,15708,,HOUTWIJKERWEG,,Watergeven 2026,,niet verwerkt,,,0
6.1412838773658,52.175096070512,15709,,,,Watergeven 2026,,niet verwerkt,,,0
6.14354958817839,52.1610208575527,15710,,,,Watergeven 2026,,niet verwerkt,,,0
6.20313168508376,52.1582817286354,15711,,IJSLANDSESTRAAT,,Watergeven 2026,,niet verwerkt,,,0
6.04782156480331,52.1540134625002,15712,,KLARENBEEKSEWEG,,Watergeven 2026,,niet verwerkt,,,0
6.04125647048919,52.1405439260452,15713,,KLARENBEEKSEWEG,,Watergeven 2026,,niet verwerkt,,,0
6.04749233762045,52.1536249828007,15714,,KLARENBEEKSEWEG,,Watergeven 2026,,niet verwerkt,,,0
6.04127376758283,52.1404620366317,15715,,KLARENBEEKSEWEG,,Watergeven 2026,,niet verwerkt,,,0
6.04128807048682,52.1403853481038,15716,,KLARENBEEKSEWEG,,Watergeven 2026,,niet verwerkt,,,0
6.04361812867847,52.1479118357944,15717,,KLARENBEEKSEWEG,,Watergeven 2026,,niet verwerkt,,,0
6.12492795037842,52.2146523651552,15718,,MOLENALLEE,,Watergeven 2026,,niet verwerkt,,,0
6.30244170814133,52.0043005691694,15719,,HUMMELOSEWEG,,Watergeven 2026,,niet verwerkt,,,0
6.30256134153026,52.004331270389,15720,,HUMMELOSEWEG,,Watergeven 2026,,niet verwerkt,,,0
6.21990132022257,51.9610484749108,15721,,N815,,Watergeven 2026,,niet verwerkt,,,0
6.05375612560094,52.236946095863,15722,,RIJKSSTRAATWEG,,Watergeven 2026,,niet verwerkt,,,0
6.13662899781034,52.2165035650345,15723,,MOLENALLEE,,Watergeven 2026,,niet verwerkt,,,0
6.1370815336421,52.2165790528194,15724,,MOLENALLEE,,Watergeven 2026,,niet verwerkt,,,0
6.13327311677607,52.0672401791159,15725,,ARNHEMSESTRAAT,,Watergeven 2026,,niet verwerkt,,,0
6.1361771373003,52.0694773728615,15726,,ARNHEMSESTRAAT,,Watergeven 2026,,niet verwerkt,,,0
6.13136531950952,52.0657709098688,15727,,ARNHEMSESTRAAT,,Watergeven 2026,,niet verwerkt,,,0
6.13350320846264,52.0674214262945,15728,,ARNHEMSESTRAAT,,Watergeven 2026,,niet verwerkt,,,0
6.13672420247827,52.0698964185585,15729,,ARNHEMSESTRAAT,,Watergeven 2026,,niet verwerkt,,,0
5.96211669574513,52.1659361315704,15730,,ARNHEMSEWEG,,Watergeven 2026,,niet verwerkt,,,0
5.95883381582166,52.1361482701213,15731,,ARNHEMSEWEG,,Watergeven 2026,,niet verwerkt,,,0
6.08742291800085,52.0963316523204,15732,,BRUMMENSEWEG,,Watergeven 2026,,niet verwerkt,,,0
6.1380466123319,52.2366758272836,15733,,BUDDEZAND,,Watergeven 2026,,niet verwerkt,,,0
6.1380318601823,52.2366544736363,15734,,BUDDEZAND,,Watergeven 2026,,niet verwerkt,,,0
6.11093231783069,52.0488661144965,15735,,BURGEMEESTER DE BRUINSTRAAT,,Watergeven 2026,,niet verwerkt,,,0
6.110672143556,52.0487935351389,15736,,BURGEMEESTER DE BRUINSTRAAT,,Watergeven 2026,,niet verwerkt,,,0
6.11170820670818,52.0500130199436,15737,,BURGEMEESTER WILLEMSESTRAAT,,Watergeven 2026,,niet verwerkt,,,0
6.15698566405685,52.0076025370074,15738,,DE DREMPTER DIJK,,Watergeven 2026,,niet verwerkt,,,0
5.98972865674553,51.9866818232795,15739,,A348,,Watergeven 2026,,niet verwerkt,,,0
6.12853436660319,52.2407258249035,15740,,VERMEERSWEG,,Watergeven 2026,,niet verwerkt,,,0
6.12823493261718,52.2408216805247,15741,,VERMEERSWEG,,Watergeven 2026,,niet verwerkt,,,0
6.13172927089894,52.066050161708,15742,,ARNHEMSESTRAAT,,Watergeven 2026,,niet verwerkt,,,0
6.23400546438116,52.123121260577,15743,,N314,,Watergeven 2026,,niet verwerkt,,,0
6.21719566978207,52.1218315967869,15744,,N314,,Watergeven 2026,,niet verwerkt,,,0
6.24844763532822,52.124137739911,15745,,N314,,Watergeven 2026,,niet verwerkt,,,0
6.24885855965956,52.1242054397033,15746,,N314,,Watergeven 2026,,niet verwerkt,,,0
6.0370750309023,52.1326707710105,15747,,HOOFDWEG,,Watergeven 2026,,niet verwerkt,,,0
6.30162144902862,52.004167096995,15748,,HUMMELOSEWEG,,Watergeven 2026,,niet verwerkt,,,0
6.25852889837798,52.1308943287552,15749,,N314,,Watergeven 2026,,niet verwerkt,,,0
6.22422677319817,52.1224145615261,15750,,N314,,Watergeven 2026,,niet verwerkt,,,0
6.25356187274295,52.125585868267,15751,,N314,,Watergeven 2026,,niet verwerkt,,,0
6.30020290476656,52.0990990629547,15752,,N316,,Watergeven 2026,,niet verwerkt,,,0
6.26078850234274,52.1333394250749,15753,,N319,,Watergeven 2026,,niet verwerkt,,,0
6.12621584976881,52.2408168844009,15754,,VERMEERSWEG,,Watergeven 2026,,niet verwerkt,,,0
6.12933511286068,52.2396909440795,15755,,VERMEERSWEG,,Watergeven 2026,,niet verwerkt,,,0
6.12932024500114,52.2398505369454,15756,,VERMEERSWEG,,Watergeven 2026,,niet verwerkt,,,0
6.12938124012894,52.2402143015811,15757,,VERMEERSWEG,,Watergeven 2026,,niet verwerkt,,,0
6.12932463432086,52.2400530749775,15758,,VERMEERSWEG,,Watergeven 2026,,niet verwerkt,,,0
6.12931983461513,52.2403486812198,15759,,VERMEERSWEG,,Watergeven 2026,,niet verwerkt,,,0
6.12933661053274,52.2405518311089,15760,,VERMEERSWEG,,Watergeven 2026,,niet verwerkt,,,0
6.12900068102417,52.2406172478443,15761,,VERMEERSWEG,,Watergeven 2026,,niet verwerkt,,,0
6.12873856964802,52.2406901416989,15762,,VERMEERSWEG,,Watergeven 2026,,niet verwerkt,,,0
6.1377290611354,52.2166894805317,15763,,MOLENALLEE,,Watergeven 2026,,niet verwerkt,,,0
6.1343853299672,52.2160976869985,15764,,MOLENALLEE,,Watergeven 2026,,niet verwerkt,,,0
6.13424317288927,52.2160713934017,15765,,MOLENALLEE,,Watergeven 2026,,niet verwerkt,,,0
6.13784171391412,52.2167157737626,15766,,MOLENALLEE,,Watergeven 2026,,niet verwerkt,,,0
6.1380053286642,52.2167420669779,15767,,MOLENALLEE,,Watergeven 2026,,niet verwerkt,,,0
6.14555829514302,52.0769059122545,15768,,ARNHEMSESTRAAT,,Watergeven 2026,,niet verwerkt,,,0
5.95893040460007,52.1567084148491,15769,,ARNHEMSEWEG,,Watergeven 2026,,niet verwerkt,,,0
6.13800369945602,52.2366758313228,15770,,BUDDEZAND,,Watergeven 2026,,niet verwerkt,,,0
6.1110824376051,52.0512042352189,15771,,BURGEMEESTER WILLEMSESTRAAT,,Watergeven 2026,,niet verwerkt,,,0
6.13320368991278,52.2004000549279,15772,,DEVENTERWEG,,Watergeven 2026,,niet verwerkt,,,0
6.13318044310143,52.200351528808,15773,,DEVENTERWEG,,Watergeven 2026,,niet verwerkt,,,0
6.12926998675187,52.1905570220729,15774,,DEVENTERWEG,,Watergeven 2026,,niet verwerkt,,,0
6.32111451717983,52.0061902850497,15775,,HUMMELOSEWEG,,Watergeven 2026,,niet verwerkt,,,0
6.32046402956942,52.0060682248322,15776,,HUMMELOSEWEG,,Watergeven 2026,,niet verwerkt,,,0
6.31658570002539,52.0057245829596,15777,,HUMMELOSEWEG,,Watergeven 2026,,niet verwerkt,,,0
6.30705167421762,52.005067631242,15778,,HUMMELOSEWEG,,Watergeven 2026,,niet verwerkt,,,0
6.20328821602295,52.1581793472809,15779,,IJSLANDSESTRAAT,,Watergeven 2026,,niet verwerkt,,,0
6.04503479781706,52.1501569305701,15780,,KLARENBEEKSEWEG,,Watergeven 2026,,niet verwerkt,,,0
6.04516984802857,52.1503374805376,15781,,KLARENBEEKSEWEG,,Watergeven 2026,,niet verwerkt,,,0
6.1245220845161,52.2143166742039,15782,,KNIBBELALLEE,,Watergeven 2026,,niet verwerkt,,,0
6.15040079551341,52.0111196381329,15783,,KRAAKSELAAN,,Watergeven 2026,,niet verwerkt,,,0
6.23145836605388,52.1228898695415,15784,,LANSINKWEG,,Watergeven 2026,,niet verwerkt,,,0
6.24473175360047,52.143181677612,15785,,LOCHEMSEWEG,,Watergeven 2026,,niet verwerkt,,,0
6.13468841958618,52.2161469874504,15786,,MOLENALLEE,,Watergeven 2026,,niet verwerkt,,,0
6.13511757302897,52.2162110779561,15787,,MOLENALLEE,,Watergeven 2026,,niet verwerkt,,,0
6.13452480483611,52.216125623928,15788,,MOLENALLEE,,Watergeven 2026,,niet verwerkt,,,0
6.13524095464377,52.2162373714702,15789,,MOLENALLEE,,Watergeven 2026,,niet verwerkt,,,0
6.14004099119804,52.2171048843708,15790,,MOLENALLEE,,Watergeven 2026,,niet verwerkt,,,0
6.13990419853814,52.2170802346833,15791,,MOLENALLEE,,Watergeven 2026,,niet verwerkt,,,0
6.25495859693786,52.1264278045251,15792,,N314,,Watergeven 2026,,niet verwerkt,,,0
6.25651240322438,52.1276315813078,15793,,N314,,Watergeven 2026,,niet verwerkt,,,0
6.25359544053235,52.1256713710491,15794,,N314,,Watergeven 2026,,niet verwerkt,,,0
6.26048594709018,52.1334624798585,15795,,N319,,Watergeven 2026,,niet verwerkt,,,0
6.26062999110098,52.1334058988321,15796,,N319,,Watergeven 2026,,niet verwerkt,,,0
6.32414057893388,52.0062052034978,15797,,N330,,Watergeven 2026,,niet verwerkt,,,0
6.24502602795268,52.0045096164144,15798,,N330,,Watergeven 2026,,niet verwerkt,,,0
6.32376218351616,52.0062143579977,15799,,N330,,Watergeven 2026,,niet verwerkt,,,0
6.32842740795315,52.0061719760381,15800,,N330,,Watergeven 2026,,niet verwerkt,,,0
6.22033201438221,51.9587249153889,15801,,N815,,Watergeven 2026,,niet verwerkt,,,0
6.22031106374118,51.9591708450063,15802,,N815,,Watergeven 2026,,niet verwerkt,,,0
6.14357192060538,52.0001864601723,15803,,PARALLELWEG DEN HELDER,,Watergeven 2026,,niet verwerkt,,,0
6.14390059091261,52.0002308889973,15804,,PARALLELWEG DEN HELDER,,Watergeven 2026,,niet verwerkt,,,0
6.14368632429249,52.0001985421701,15805,,PARALLELWEG DEN HELDER,,Watergeven 2026,,niet verwerkt,,,0
6.14266444985565,52.0002225372569,15806,,PARALLELWEG DEN HELDER,,Watergeven 2026,,niet verwerkt,,,0
6.14647105087589,52.2240821952574,15807,,RIJKSSTRAATWEG,,Watergeven 2026,,niet verwerkt,,,0
6.14641472448652,52.2242021380289,15808,,RIJKSSTRAATWEG,,Watergeven 2026,,niet verwerkt,,,0
6.1461590205602,52.2247349483836,15809,,RIJKSSTRAATWEG,,Watergeven 2026,,niet verwerkt,,,0
6.08220304315766,52.2372975732823,15810,,RIJKSSTRAATWEG,,Watergeven 2026,,niet verwerkt,,,0
6.14636286844553,52.2243800525434,15811,,RIJKSSTRAATWEG,,Watergeven 2026,,niet verwerkt,,,0
6.14644959320375,52.2241364160025,15812,,RIJKSSTRAATWEG,,Watergeven 2026,,niet verwerkt,,,0
6.14625021566679,52.2245936476018,15813,,RIJKSSTRAATWEG,,Watergeven 2026,,niet verwerkt,,,0
6.14630117763813,52.2245131388158,15814,,RIJKSSTRAATWEG,,Watergeven 2026,,niet verwerkt,,,0
6.1463279997283,52.2244507033303,15815,,RIJKSSTRAATWEG,,Watergeven 2026,,niet verwerkt,,,0
6.14620998253154,52.2246642980489,15816,,RIJKSSTRAATWEG,,Watergeven 2026,,niet verwerkt,,,0
6.18304300763096,52.2347927202714,15817,,,,Watergeven 2026,,niet verwerkt,,,0
6.12750595332489,52.2407244609806,15818,,VERMEERSWEG,,Watergeven 2026,,niet verwerkt,,,0
6.12698941523056,52.2407885574734,15819,,VERMEERSWEG,,Watergeven 2026,,niet verwerkt,,,0
5.99008270833585,51.9868800417227,15820,,A348,,Watergeven 2026,,niet verwerkt,,,0
5.98756143185935,51.9855453539376,15821,,A348,,Watergeven 2026,,niet verwerkt,,,0
5.9902275476228,51.9869758469891,15822,,A348,,Watergeven 2026,,niet verwerkt,,,0
6.12455330377256,52.2412975033259,15823,,ACHTER 'T HOLTHUIS,,Watergeven 2026,,niet verwerkt,,,0
6.13227219216967,52.0664715012305,15824,,ARNHEMSESTRAAT,,Watergeven 2026,,niet verwerkt,,,0
6.13163907387254,52.0659821055775,15825,,ARNHEMSESTRAAT,,Watergeven 2026,,niet verwerkt,,,0
6.13309324255912,52.0671008120462,15826,,ARNHEMSESTRAAT,,Watergeven 2026,,niet verwerkt,,,0
6.13272737245111,52.0668220978648,15827,,ARNHEMSESTRAAT,,Watergeven 2026,,niet verwerkt,,,0
6.13436322113972,52.0680780686382,15828,,ARNHEMSESTRAAT,,Watergeven 2026,,niet verwerkt,,,0
6.13409119246185,52.0678695737762,15829,,ARNHEMSESTRAAT,,Watergeven 2026,,niet verwerkt,,,0
5.98720738026903,51.9853900782708,15830,,A348,,Watergeven 2026,,niet verwerkt,,,0
5.99080690477059,51.9872962975979,15831,,A348,,Watergeven 2026,,niet verwerkt,,,0
5.99069425199186,51.9872368327098,15832,,A348,,Watergeven 2026,,niet verwerkt,,,0
5.98950335118806,51.9865628917924,15833,,A348,,Watergeven 2026,,niet verwerkt,,,0
5.95834337547464,52.1560169761095,15834,,ARNHEMSEWEG,,Watergeven 2026,,niet verwerkt,,,0
6.17930647045069,52.235230455459,15835,,DEVENTER,,Watergeven 2026,,niet verwerkt,,,0
6.12556899833362,52.2151601737126,15836,,FLIERTWEG,,Watergeven 2026,,niet verwerkt,,,0
6.0837581877194,51.9602840941357,15837,,DOESBURGSEWEG,,Watergeven 2026,,niet verwerkt,,,0
6.15485249097808,51.9525854458383,15838,,DOETINCHEMSEWEG,,Watergeven 2026,,niet verwerkt,,,0
6.11426314753463,52.0884865353375,15839,,EERBEEKSEWEG,,Watergeven 2026,,niet verwerkt,,,0
6.03716876548873,52.1329681347669,15840,,HOOFDWEG,,Watergeven 2026,,niet verwerkt,,,0
6.03727009303249,52.1331577536705,15841,,HOOFDWEG,,Watergeven 2026,,niet verwerkt,,,0
6.30691645456292,52.0050708327845,15842,,HUMMELOSEWEG,,Watergeven 2026,,niet verwerkt,,,0
6.13584579277724,52.2163507346822,15843,,MOLENALLEE,,Watergeven 2026,,niet verwerkt,,,0
6.1367784440228,52.2165281095136,15844,,MOLENALLEE,,Watergeven 2026,,niet verwerkt,,,0
6.18289284498092,52.2338286955539,15845,,DEVENTERWEG,,Watergeven 2026,,niet verwerkt,,,0
6.02641461595173,52.1240078880292,15846,,HOOFDWEG,,Watergeven 2026,,niet verwerkt,,,0
6.13979024935839,52.2169855523674,15847,,MOLENALLEE,,Watergeven 2026,,niet verwerkt,,,0
6.14015900839481,52.2171213174883,15848,,MOLENALLEE,,Watergeven 2026,,niet verwerkt,,,0
6.1381421213241,52.2167601435543,15849,,MOLENALLEE,,Watergeven 2026,,niet verwerkt,,,0
6.12485602640813,52.21459846955,15850,,MOLENALLEE,,Watergeven 2026,,niet verwerkt,,,0
6.12567815995349,52.2146000039438,15851,,MOLENALLEE,,Watergeven 2026,,niet verwerkt,,,0
6.13570900011733,52.2163310145985,15852,,MOLENALLEE,,Watergeven 2026,,niet verwerkt,,,0
6.12588818120668,52.2148084881453,15853,,MOLENALLEE,,Watergeven 2026,,niet verwerkt,,,0
6.13600404310926,52.216383601469,15854,,MOLENALLEE,,Watergeven 2026,,niet verwerkt,,,0
6.1395450507507,52.2170141460647,15855,,MOLENALLEE,,Watergeven 2026,,niet verwerkt,,,0
6.13841584075433,52.2168136611331,15856,,MOLENALLEE,,Watergeven 2026,,niet verwerkt,,,0
6.13898983348408,52.216913903712,15857,,MOLENALLEE,,Watergeven 2026,,niet verwerkt,,,0
6.13868137944706,52.2168629607903,15858,,MOLENALLEE,,Watergeven 2026,,niet verwerkt,,,0
6.13927414763994,52.2169697765266,15859,,MOLENALLEE,,Watergeven 2026,,niet verwerkt,,,0
6.13940825809081,52.2169927829593,15860,,MOLENALLEE,,Watergeven 2026,,niet verwerkt,,,0
6.13912126172594,52.2169385534918,15861,,MOLENALLEE,,Watergeven 2026,,niet verwerkt,,,0
6.13885572303319,52.2168925405584,15862,,MOLENALLEE,,Watergeven 2026,,niet verwerkt,,,0
6.13854726899619,52.2168399542904,15863,,MOLENALLEE,,Watergeven 2026,,niet verwerkt,,,0
6.13975399483316,52.2170588716097,15864,,MOLENALLEE,,Watergeven 2026,,niet verwerkt,,,0
6.2172806654468,52.1218439235581,15865,,N314,,Watergeven 2026,,niet verwerkt,,,0
6.25008354247615,52.1244478579304,15866,,N314,,Watergeven 2026,,niet verwerkt,,,0
6.24951810612592,52.124323137767,15867,,N314,,Watergeven 2026,,niet verwerkt,,,0
6.2534842227345,52.1255488493765,15868,,N314,,Watergeven 2026,,niet verwerkt,,,0
6.24947810864433,52.1243156104376,15869,,N314,,Watergeven 2026,,niet verwerkt,,,0
6.2495586684831,52.1243326923322,15870,,N314,,Watergeven 2026,,niet verwerkt,,,0
6.12463478054389,52.2410820504787,15871,,ACHTER 'T HOLTHUIS,,Watergeven 2026,,niet verwerkt,,,0
6.12445518788042,52.2411437657631,15872,,ACHTER 'T HOLTHUIS,,Watergeven 2026,,niet verwerkt,,,0
6.12592413947039,52.2410429102121,15873,,ACHTER 'T HOLTHUIS,,Watergeven 2026,,niet verwerkt,,,0
6.12564210664377,52.2411014552357,15874,,ACHTER 'T HOLTHUIS,,Watergeven 2026,,niet verwerkt,,,0
6.12536207964257,52.2411448305781,15875,,ACHTER 'T HOLTHUIS,,Watergeven 2026,,niet verwerkt,,,0
6.12510063253763,52.2411891270616,15876,,ACHTER 'T HOLTHUIS,,Watergeven 2026,,niet verwerkt,,,0
6.12482445436993,52.2412269672578,15877,,ACHTER 'T HOLTHUIS,,Watergeven 2026,,niet verwerkt,,,0
6.21662611293418,52.1217722288402,15878,,N314,,Watergeven 2026,,niet verwerkt,,,0
6.25154101911436,52.1247881236334,15879,,N314,,Watergeven 2026,,niet verwerkt,,,0
6.24818665631458,52.1240457624472,15880,,N314,,Watergeven 2026,,niet verwerkt,,,0
6.22515960027368,52.1224302519369,15881,,N314,,Watergeven 2026,,niet verwerkt,,,0
6.25971676205934,52.1337804863286,15882,,N319,,Watergeven 2026,,niet verwerkt,,,0
6.25936490039951,52.1338644529593,15883,,N319,,Watergeven 2026,,niet verwerkt,,,0
6.28179815542849,52.0016545103354,15884,,N330,,Watergeven 2026,,niet verwerkt,,,0
6.21672248484329,52.1216368237564,15885,,N314,,Watergeven 2026,,niet verwerkt,,,0
6.28159542666455,52.0016621946752,15886,,N330,,Watergeven 2026,,niet verwerkt,,,0
6.2818709513783,52.0017287330833,15887,,N330,,Watergeven 2026,,niet verwerkt,,,0
6.28175293678721,52.0016932346767,15888,,N330,,Watergeven 2026,,niet verwerkt,,,0
6.37099391678145,52.193481702202,15889,,N332,,Watergeven 2026,,niet verwerkt,,,0
6.31319163423735,52.1409612221094,15890,,N346,,Watergeven 2026,,niet verwerkt,,,0
6.22365580813647,52.144974278941,15891,,N346,,Watergeven 2026,,niet verwerkt,,,0
6.21671803339967,52.1217800310723,15892,,N314,,Watergeven 2026,,niet verwerkt,,,0
6.24848815135235,52.1240881244539,15893,,N314,,Watergeven 2026,,niet verwerkt,,,0
6.24225264834649,52.1236190419736,15894,,N314,,Watergeven 2026,,niet verwerkt,,,0
6.2255791263221,52.1224601882649,15895,,N314,,Watergeven 2026,,niet verwerkt,,,0
